{"train/completion_length":207.64583587646484,"train/rewards/xmlcount_reward_func":0.23643749952316284,"train_samples_per_second":0.432,"_wandb":{"runtime":42605},"train_loss":0.033274726001586145,"train/learning_rate":0,"train/grad_norm":0.8783066868782043,"train/reward_std":0.8874607980251312,"train_runtime":33357.7408,"train/loss":0.0492,"train/global_step":300,"_runtime":33357.734027705,"train/rewards/correctness_reward_func":1.3750000447034836,"train/rewards/strict_format_reward_func":0,"train/reward":2.101020932197571,"train/epoch":2.542372881355932,"_step":300,"train/rewards/soft_format_reward_func":0,"train/rewards/int_reward_func":0.4895833358168602,"_timestamp":1.7436646231056736e+09,"total_flos":0,"train/kl":1.2307200282812119,"train_steps_per_second":0.009}