{"train_loss":0.00481884904513052,"train/rewards/int_reward_func":0.5,"_timestamp":1.7437088379902215e+09,"train/grad_norm":0.9733331203460693,"train/epoch":2.542372881355932,"train/loss":0.0056,"train/reward_std":0.242584228515625,"train/rewards/xmlcount_reward_func":0.24395833536982536,"train_steps_per_second":0.009,"train/learning_rate":0,"train/global_step":300,"_step":300,"train/rewards/soft_format_reward_func":0,"train_samples_per_second":0.413,"train_runtime":34906.598,"_runtime":34906.589517587,"train/reward":2.5772916674613953,"train/rewards/correctness_reward_func":1.8333333432674408,"train/kl":0.1404251642525196,"train/rewards/strict_format_reward_func":0,"train/completion_length":179.52083778381348,"total_flos":0,"_wandb":{"runtime":44309}}