{"_wandb":{"runtime":40762},"_runtime":40761.252534227,"train/reward":2.2500000298023224,"train/grad_norm":0.37930193543434143,"train_runtime":40761.2591,"_timestamp":1.7435090705624387e+09,"train_steps_per_second":0.007,"_step":300,"train/epoch":2.542372881355932,"total_flos":0,"train/rewards/correctness_reward_func":1.7500000298023224,"train/completion_length":225.25000381469727,"train/global_step":300,"train/learning_rate":0,"train_loss":2.005886475785701e-05,"train_samples_per_second":0.353,"train/rewards/int_reward_func":0.5,"train/reward_std":0.4408077299594879,"train/loss":0,"train/kl":0.0007131755919544958}